species_name,tax_id,species_url
Acetilactobacillus jinshanensis,1720083,https://www.ncbi.nlm.nih.gov/data-hub/taxonomy/tree/?taxon=1720083
Agrilactobacillus composti,398555,https://www.ncbi.nlm.nih.gov/data-hub/taxonomy/tree/?taxon=398555
Agrilactobacillus fermenti,2586909,https://www.ncbi.nlm.nih.gov/data-hub/taxonomy/tree/?taxon=2586909
Agrilactobacillus yilanensis,2485997,https://www.ncbi.nlm.nih.gov/data-hub/taxonomy/tree/?taxon=2485997
Amylolactobacillus amylophilus,1603,https://www.ncbi.nlm.nih.gov/data-hub/taxonomy/tree/?taxon=1603
Amylolactobacillus amylotrophicus,376807,https://www.ncbi.nlm.nih.gov/data-hub/taxonomy/tree/?taxon=376807
Apilactobacillus apinorum,1218495,https://www.ncbi.nlm.nih.gov/data-hub/taxonomy/tree/?taxon=1218495
Apilactobacillus apisilvae,2923364,https://www.ncbi.nlm.nih.gov/data-hub/taxonomy/tree/?taxon=2923364
Apilactobacillus bombintestini,2419772,https://www.ncbi.nlm.nih.gov/data-hub/taxonomy/tree/?taxon=2419772
Apilactobacillus kunkeei,148814,https://www.ncbi.nlm.nih.gov/data-hub/taxonomy/tree/?taxon=148814
Apilactobacillus micheneri,1899430,https://www.ncbi.nlm.nih.gov/data-hub/taxonomy/tree/?taxon=1899430
Apilactobacillus nanyangensis,2799579,https://www.ncbi.nlm.nih.gov/data-hub/taxonomy/tree/?taxon=2799579
Apilactobacillus ozensis,866801,https://www.ncbi.nlm.nih.gov/data-hub/taxonomy/tree/?taxon=866801
Apilactobacillus quenuiae,2008377,https://www.ncbi.nlm.nih.gov/data-hub/taxonomy/tree/?taxon=2008377
Apilactobacillus timberlakei,2008380,https://www.ncbi.nlm.nih.gov/data-hub/taxonomy/tree/?taxon=2008380
Apilactobacillus waqarii,2851006,https://www.ncbi.nlm.nih.gov/data-hub/taxonomy/tree/?taxon=2851006
Apilactobacillus xinyiensis,2841032,https://www.ncbi.nlm.nih.gov/data-hub/taxonomy/tree/?taxon=2841032
Apilactobacillus zhangqiuensis,2841031,https://www.ncbi.nlm.nih.gov/data-hub/taxonomy/tree/?taxon=2841031
Bombilactobacillus apium,2675299,https://www.ncbi.nlm.nih.gov/data-hub/taxonomy/tree/?taxon=2675299
Bombilactobacillus bombi,1303590,https://www.ncbi.nlm.nih.gov/data-hub/taxonomy/tree/?taxon=1303590
Bombilactobacillus folatiphilus,2923362,https://www.ncbi.nlm.nih.gov/data-hub/taxonomy/tree/?taxon=2923362
Bombilactobacillus mellifer,1218492,https://www.ncbi.nlm.nih.gov/data-hub/taxonomy/tree/?taxon=1218492
Bombilactobacillus mellis,1218508,https://www.ncbi.nlm.nih.gov/data-hub/taxonomy/tree/?taxon=1218508
Bombilactobacillus thymidiniphilus,2923363,https://www.ncbi.nlm.nih.gov/data-hub/taxonomy/tree/?taxon=2923363
Candidatus Companilactobacillus pullicola,2838523,https://www.ncbi.nlm.nih.gov/data-hub/taxonomy/tree/?taxon=2838523
Companilactobacillus alimentarius,1602,https://www.ncbi.nlm.nih.gov/data-hub/taxonomy/tree/?taxon=1602
Companilactobacillus allii,1847728,https://www.ncbi.nlm.nih.gov/data-hub/taxonomy/tree/?taxon=1847728
Companilactobacillus baiquanensis,2486005,https://www.ncbi.nlm.nih.gov/data-hub/taxonomy/tree/?taxon=2486005
Companilactobacillus bobalius,2801451,https://www.ncbi.nlm.nih.gov/data-hub/taxonomy/tree/?taxon=2801451
Companilactobacillus crustorum,392416,https://www.ncbi.nlm.nih.gov/data-hub/taxonomy/tree/?taxon=392416
Companilactobacillus farciminis,1612,https://www.ncbi.nlm.nih.gov/data-hub/taxonomy/tree/?taxon=1612
Companilactobacillus formosensis,1617889,https://www.ncbi.nlm.nih.gov/data-hub/taxonomy/tree/?taxon=1617889
Companilactobacillus furfuricola,1462575,https://www.ncbi.nlm.nih.gov/data-hub/taxonomy/tree/?taxon=1462575
Companilactobacillus futsaii,938155,https://www.ncbi.nlm.nih.gov/data-hub/taxonomy/tree/?taxon=938155
Companilactobacillus ginsenosidimutans,1007676,https://www.ncbi.nlm.nih.gov/data-hub/taxonomy/tree/?taxon=1007676
Companilactobacillus halodurans,2584183,https://www.ncbi.nlm.nih.gov/data-hub/taxonomy/tree/?taxon=2584183
Companilactobacillus heilongjiangensis,1074467,https://www.ncbi.nlm.nih.gov/data-hub/taxonomy/tree/?taxon=1074467
Companilactobacillus huachuanensis,2559914,https://www.ncbi.nlm.nih.gov/data-hub/taxonomy/tree/?taxon=2559914
Companilactobacillus hulinensis,2486007,https://www.ncbi.nlm.nih.gov/data-hub/taxonomy/tree/?taxon=2486007
Companilactobacillus insicii,1732567,https://www.ncbi.nlm.nih.gov/data-hub/taxonomy/tree/?taxon=1732567
Companilactobacillus jidongensis,2486006,https://www.ncbi.nlm.nih.gov/data-hub/taxonomy/tree/?taxon=2486006
Companilactobacillus kedongensis,2486004,https://www.ncbi.nlm.nih.gov/data-hub/taxonomy/tree/?taxon=2486004
Companilactobacillus keshanensis,2486003,https://www.ncbi.nlm.nih.gov/data-hub/taxonomy/tree/?taxon=2486003
Companilactobacillus kimchiensis,993692,https://www.ncbi.nlm.nih.gov/data-hub/taxonomy/tree/?taxon=993692
Companilactobacillus kimchii,2801452,https://www.ncbi.nlm.nih.gov/data-hub/taxonomy/tree/?taxon=2801452
Companilactobacillus metriopterae,1909267,https://www.ncbi.nlm.nih.gov/data-hub/taxonomy/tree/?taxon=1909267
Companilactobacillus mindensis,167481,https://www.ncbi.nlm.nih.gov/data-hub/taxonomy/tree/?taxon=167481
Companilactobacillus mishanensis,2486008,https://www.ncbi.nlm.nih.gov/data-hub/taxonomy/tree/?taxon=2486008
Companilactobacillus musae,1903258,https://www.ncbi.nlm.nih.gov/data-hub/taxonomy/tree/?taxon=1903258
Companilactobacillus nantensis,305793,https://www.ncbi.nlm.nih.gov/data-hub/taxonomy/tree/?taxon=305793
Companilactobacillus nodensis,460870,https://www.ncbi.nlm.nih.gov/data-hub/taxonomy/tree/?taxon=460870
Companilactobacillus nuruki,1993540,https://www.ncbi.nlm.nih.gov/data-hub/taxonomy/tree/?taxon=1993540
Companilactobacillus pabuli,2714036,https://www.ncbi.nlm.nih.gov/data-hub/taxonomy/tree/?taxon=2714036
Companilactobacillus paralimentarius,83526,https://www.ncbi.nlm.nih.gov/data-hub/taxonomy/tree/?taxon=83526
Companilactobacillus suantsaicola,2487723,https://www.ncbi.nlm.nih.gov/data-hub/taxonomy/tree/?taxon=2487723
Companilactobacillus tucceti,238012,https://www.ncbi.nlm.nih.gov/data-hub/taxonomy/tree/?taxon=238012
Companilactobacillus versmoldensis,194326,https://www.ncbi.nlm.nih.gov/data-hub/taxonomy/tree/?taxon=194326
Companilactobacillus zhachilii,2304606,https://www.ncbi.nlm.nih.gov/data-hub/taxonomy/tree/?taxon=2304606
Companilactobacillus zhongbaensis,2486009,https://www.ncbi.nlm.nih.gov/data-hub/taxonomy/tree/?taxon=2486009
Convivina intestini,1505726,https://www.ncbi.nlm.nih.gov/data-hub/taxonomy/tree/?taxon=1505726
Dellaglioa algida,105612,https://www.ncbi.nlm.nih.gov/data-hub/taxonomy/tree/?taxon=105612
Fructilactobacillus carniphilus,2940297,https://www.ncbi.nlm.nih.gov/data-hub/taxonomy/tree/?taxon=2940297
Fructilactobacillus cliffordii,2940299,https://www.ncbi.nlm.nih.gov/data-hub/taxonomy/tree/?taxon=2940299
Fructilactobacillus florum,640331,https://www.ncbi.nlm.nih.gov/data-hub/taxonomy/tree/?taxon=640331
Fructilactobacillus fructivorans,1614,https://www.ncbi.nlm.nih.gov/data-hub/taxonomy/tree/?taxon=1614
Fructilactobacillus hinvesii,2940300,https://www.ncbi.nlm.nih.gov/data-hub/taxonomy/tree/?taxon=2940300
Fructilactobacillus ixorae,1750535,https://www.ncbi.nlm.nih.gov/data-hub/taxonomy/tree/?taxon=1750535
Fructilactobacillus lindneri,53444,https://www.ncbi.nlm.nih.gov/data-hub/taxonomy/tree/?taxon=53444
Fructilactobacillus myrtifloralis,2940301,https://www.ncbi.nlm.nih.gov/data-hub/taxonomy/tree/?taxon=2940301
Fructilactobacillus sanfranciscensis,1625,https://www.ncbi.nlm.nih.gov/data-hub/taxonomy/tree/?taxon=1625
Fructilactobacillus vespulae,1249630,https://www.ncbi.nlm.nih.gov/data-hub/taxonomy/tree/?taxon=1249630
Fructobacillus americanaquae,2940302,https://www.ncbi.nlm.nih.gov/data-hub/taxonomy/tree/?taxon=2940302
Fructobacillus apis,2935017,https://www.ncbi.nlm.nih.gov/data-hub/taxonomy/tree/?taxon=2935017
Fructobacillus broussonetiae,2713173,https://www.ncbi.nlm.nih.gov/data-hub/taxonomy/tree/?taxon=2713173
Fructobacillus cardui,2893170,https://www.ncbi.nlm.nih.gov/data-hub/taxonomy/tree/?taxon=2893170
Fructobacillus durionis,283737,https://www.ncbi.nlm.nih.gov/data-hub/taxonomy/tree/?taxon=283737
Fructobacillus ficulneus,157463,https://www.ncbi.nlm.nih.gov/data-hub/taxonomy/tree/?taxon=157463
Fructobacillus fructosus,1631,https://www.ncbi.nlm.nih.gov/data-hub/taxonomy/tree/?taxon=1631
Fructobacillus papyriferae,2713171,https://www.ncbi.nlm.nih.gov/data-hub/taxonomy/tree/?taxon=2713171
Fructobacillus papyrifericola,2713172,https://www.ncbi.nlm.nih.gov/data-hub/taxonomy/tree/?taxon=2713172
Fructobacillus parabroussonetiae,2713174,https://www.ncbi.nlm.nih.gov/data-hub/taxonomy/tree/?taxon=2713174
Fructobacillus pseudoficulneus,220714,https://www.ncbi.nlm.nih.gov/data-hub/taxonomy/tree/?taxon=220714
Fructobacillus tropaeoli,709323,https://www.ncbi.nlm.nih.gov/data-hub/taxonomy/tree/?taxon=709323
Furfurilactobacillus curtus,1746200,https://www.ncbi.nlm.nih.gov/data-hub/taxonomy/tree/?taxon=1746200
Furfurilactobacillus milii,2888272,https://www.ncbi.nlm.nih.gov/data-hub/taxonomy/tree/?taxon=2888272
Furfurilactobacillus rossiae,231049,https://www.ncbi.nlm.nih.gov/data-hub/taxonomy/tree/?taxon=231049
Furfurilactobacillus siliginis,348151,https://www.ncbi.nlm.nih.gov/data-hub/taxonomy/tree/?taxon=348151
Holzapfeliella floricola,679249,https://www.ncbi.nlm.nih.gov/data-hub/taxonomy/tree/?taxon=679249
Lacticaseibacillus absianus,2729623,https://www.ncbi.nlm.nih.gov/data-hub/taxonomy/tree/?taxon=2729623
Lacticaseibacillus baoqingensis,2486013,https://www.ncbi.nlm.nih.gov/data-hub/taxonomy/tree/?taxon=2486013
Lacticaseibacillus brantae,943673,https://www.ncbi.nlm.nih.gov/data-hub/taxonomy/tree/?taxon=943673
Lacticaseibacillus camelliae,381742,https://www.ncbi.nlm.nih.gov/data-hub/taxonomy/tree/?taxon=381742
Lacticaseibacillus casei,1582,https://www.ncbi.nlm.nih.gov/data-hub/taxonomy/tree/?taxon=1582
Lacticaseibacillus chiayiensis,2100821,https://www.ncbi.nlm.nih.gov/data-hub/taxonomy/tree/?taxon=2100821
Lacticaseibacillus daqingensis,2486014,https://www.ncbi.nlm.nih.gov/data-hub/taxonomy/tree/?taxon=2486014
Lacticaseibacillus hegangensis,2486010,https://www.ncbi.nlm.nih.gov/data-hub/taxonomy/tree/?taxon=2486010
Lacticaseibacillus hulanensis,2493111,https://www.ncbi.nlm.nih.gov/data-hub/taxonomy/tree/?taxon=2493111
Lacticaseibacillus jixianensis,2486012,https://www.ncbi.nlm.nih.gov/data-hub/taxonomy/tree/?taxon=2486012
Lacticaseibacillus kribbianus,2926292,https://www.ncbi.nlm.nih.gov/data-hub/taxonomy/tree/?taxon=2926292
Lacticaseibacillus manihotivorans,88233,https://www.ncbi.nlm.nih.gov/data-hub/taxonomy/tree/?taxon=88233
Lacticaseibacillus mingshuiensis,2799574,https://www.ncbi.nlm.nih.gov/data-hub/taxonomy/tree/?taxon=2799574
Lacticaseibacillus nasuensis,944671,https://www.ncbi.nlm.nih.gov/data-hub/taxonomy/tree/?taxon=944671
Lacticaseibacillus pantheris,171523,https://www.ncbi.nlm.nih.gov/data-hub/taxonomy/tree/?taxon=171523
Lacticaseibacillus paracasei,1597,https://www.ncbi.nlm.nih.gov/data-hub/taxonomy/tree/?taxon=1597
Lacticaseibacillus porcinae,1123687,https://www.ncbi.nlm.nih.gov/data-hub/taxonomy/tree/?taxon=1123687
Lacticaseibacillus rhamnosus,47715,https://www.ncbi.nlm.nih.gov/data-hub/taxonomy/tree/?taxon=47715
Lacticaseibacillus saniviri,931533,https://www.ncbi.nlm.nih.gov/data-hub/taxonomy/tree/?taxon=931533
Lacticaseibacillus sharpeae,1626,https://www.ncbi.nlm.nih.gov/data-hub/taxonomy/tree/?taxon=1626
Lacticaseibacillus songhuajiangensis,1296539,https://www.ncbi.nlm.nih.gov/data-hub/taxonomy/tree/?taxon=1296539
Lacticaseibacillus suibinensis,2486011,https://www.ncbi.nlm.nih.gov/data-hub/taxonomy/tree/?taxon=2486011
Lacticaseibacillus suilingensis,2799577,https://www.ncbi.nlm.nih.gov/data-hub/taxonomy/tree/?taxon=2799577
Lacticaseibacillus thailandensis,381741,https://www.ncbi.nlm.nih.gov/data-hub/taxonomy/tree/?taxon=381741
Lacticaseibacillus yichunensis,2486015,https://www.ncbi.nlm.nih.gov/data-hub/taxonomy/tree/?taxon=2486015
Lacticaseibacillus zeae,57037,https://www.ncbi.nlm.nih.gov/data-hub/taxonomy/tree/?taxon=57037
Lacticaseibacillus zhaodongensis,2668065,https://www.ncbi.nlm.nih.gov/data-hub/taxonomy/tree/?taxon=2668065
Lactiplantibacillus argentoratensis,271881,https://www.ncbi.nlm.nih.gov/data-hub/taxonomy/tree/?taxon=271881
Lactiplantibacillus daoliensis,2559916,https://www.ncbi.nlm.nih.gov/data-hub/taxonomy/tree/?taxon=2559916
Lactiplantibacillus daowaiensis,2559918,https://www.ncbi.nlm.nih.gov/data-hub/taxonomy/tree/?taxon=2559918
Lactiplantibacillus dongliensis,2559919,https://www.ncbi.nlm.nih.gov/data-hub/taxonomy/tree/?taxon=2559919
Lactiplantibacillus fabifermentans,483011,https://www.ncbi.nlm.nih.gov/data-hub/taxonomy/tree/?taxon=483011
Lactiplantibacillus garii,2306423,https://www.ncbi.nlm.nih.gov/data-hub/taxonomy/tree/?taxon=2306423
Lactiplantibacillus herbarum,1670446,https://www.ncbi.nlm.nih.gov/data-hub/taxonomy/tree/?taxon=1670446
Lactiplantibacillus modestisalitolerans,1457219,https://www.ncbi.nlm.nih.gov/data-hub/taxonomy/tree/?taxon=1457219
Lactiplantibacillus mudanjiangensis,1296538,https://www.ncbi.nlm.nih.gov/data-hub/taxonomy/tree/?taxon=1296538
Lactiplantibacillus nangangensis,2559917,https://www.ncbi.nlm.nih.gov/data-hub/taxonomy/tree/?taxon=2559917
Lactiplantibacillus paraplantarum,60520,https://www.ncbi.nlm.nih.gov/data-hub/taxonomy/tree/?taxon=60520
Lactiplantibacillus pentosus,1589,https://www.ncbi.nlm.nih.gov/data-hub/taxonomy/tree/?taxon=1589
Lactiplantibacillus pingfangensis,2559915,https://www.ncbi.nlm.nih.gov/data-hub/taxonomy/tree/?taxon=2559915
Lactiplantibacillus plajomi,1457217,https://www.ncbi.nlm.nih.gov/data-hub/taxonomy/tree/?taxon=1457217
Lactiplantibacillus plantarum,1590,https://www.ncbi.nlm.nih.gov/data-hub/taxonomy/tree/?taxon=1590
Lactiplantibacillus songbeiensis,2559920,https://www.ncbi.nlm.nih.gov/data-hub/taxonomy/tree/?taxon=2559920
Lactiplantibacillus xiangfangensis,942150,https://www.ncbi.nlm.nih.gov/data-hub/taxonomy/tree/?taxon=942150
Candidatus Gallilactobacillus intestinavium,2840838,https://www.ncbi.nlm.nih.gov/data-hub/taxonomy/tree/?taxon=2840838
Candidatus Lactobacillus pullistercoris,2838636,https://www.ncbi.nlm.nih.gov/data-hub/taxonomy/tree/?taxon=2838636
Candidatus Paralactobacillus gallistercoris,2838724,https://www.ncbi.nlm.nih.gov/data-hub/taxonomy/tree/?taxon=2838724
Lactobacillus acetotolerans,1600,https://www.ncbi.nlm.nih.gov/data-hub/taxonomy/tree/?taxon=1600
Lactobacillus acidophilus,1579,https://www.ncbi.nlm.nih.gov/data-hub/taxonomy/tree/?taxon=1579
Lactobacillus alvei,303538,https://www.ncbi.nlm.nih.gov/data-hub/taxonomy/tree/?taxon=303538
Lactobacillus amylolyticus,83683,https://www.ncbi.nlm.nih.gov/data-hub/taxonomy/tree/?taxon=83683
Lactobacillus amylovorus,1604,https://www.ncbi.nlm.nih.gov/data-hub/taxonomy/tree/?taxon=1604
Lactobacillus animata,273523,https://www.ncbi.nlm.nih.gov/data-hub/taxonomy/tree/?taxon=273523
Lactobacillus apis,303541,https://www.ncbi.nlm.nih.gov/data-hub/taxonomy/tree/?taxon=303541
Lactobacillus bombicola,1505723,https://www.ncbi.nlm.nih.gov/data-hub/taxonomy/tree/?taxon=1505723
Lactobacillus brevisimilis,220674,https://www.ncbi.nlm.nih.gov/data-hub/taxonomy/tree/?taxon=220674
Lactobacillus catenefornis,1122144,https://www.ncbi.nlm.nih.gov/data-hub/taxonomy/tree/?taxon=1122144
Lactobacillus CIP-13,2986436,https://www.ncbi.nlm.nih.gov/data-hub/taxonomy/tree/?taxon=2986436
Lactobacillus colini,1819254,https://www.ncbi.nlm.nih.gov/data-hub/taxonomy/tree/?taxon=1819254
Lactobacillus corticis,2201249,https://www.ncbi.nlm.nih.gov/data-hub/taxonomy/tree/?taxon=2201249
Lactobacillus crispatus,47770,https://www.ncbi.nlm.nih.gov/data-hub/taxonomy/tree/?taxon=47770
Lactobacillus delbrueckii,1584,https://www.ncbi.nlm.nih.gov/data-hub/taxonomy/tree/?taxon=1584
Lactobacillus equicursoris,420645,https://www.ncbi.nlm.nih.gov/data-hub/taxonomy/tree/?taxon=420645
Lactobacillus faeni,386879,https://www.ncbi.nlm.nih.gov/data-hub/taxonomy/tree/?taxon=386879
Lactobacillus fornicalis,88164,https://www.ncbi.nlm.nih.gov/data-hub/taxonomy/tree/?taxon=88164
Lactobacillus gallinarum,52242,https://www.ncbi.nlm.nih.gov/data-hub/taxonomy/tree/?taxon=52242
Lactobacillus gasseri,1596,https://www.ncbi.nlm.nih.gov/data-hub/taxonomy/tree/?taxon=1596
Lactobacillus genomosp. C1,230136,https://www.ncbi.nlm.nih.gov/data-hub/taxonomy/tree/?taxon=230136
Lactobacillus genomosp. C2,230137,https://www.ncbi.nlm.nih.gov/data-hub/taxonomy/tree/?taxon=230137
Lactobacillus gigeriorum,1203069,https://www.ncbi.nlm.nih.gov/data-hub/taxonomy/tree/?taxon=1203069
Lactobacillus guizhouensis,433614,https://www.ncbi.nlm.nih.gov/data-hub/taxonomy/tree/?taxon=433614
Lactobacillus halophilus,355523,https://www.ncbi.nlm.nih.gov/data-hub/taxonomy/tree/?taxon=355523
Lactobacillus hamsteri,96565,https://www.ncbi.nlm.nih.gov/data-hub/taxonomy/tree/?taxon=96565
Lactobacillus helsingborgensis,1218494,https://www.ncbi.nlm.nih.gov/data-hub/taxonomy/tree/?taxon=1218494
Lactobacillus helveticus,1587,https://www.ncbi.nlm.nih.gov/data-hub/taxonomy/tree/?taxon=1587
Lactobacillus hominis,1203033,https://www.ncbi.nlm.nih.gov/data-hub/taxonomy/tree/?taxon=1203033
Lactobacillus huangpiensis,2799571,https://www.ncbi.nlm.nih.gov/data-hub/taxonomy/tree/?taxon=2799571
Lactobacillus iatae,446044,https://www.ncbi.nlm.nih.gov/data-hub/taxonomy/tree/?taxon=446044
Lactobacillus iners,147802,https://www.ncbi.nlm.nih.gov/data-hub/taxonomy/tree/?taxon=147802
Lactobacillus insectis,303539,https://www.ncbi.nlm.nih.gov/data-hub/taxonomy/tree/?taxon=303539
Lactobacillus intermedius,316518,https://www.ncbi.nlm.nih.gov/data-hub/taxonomy/tree/?taxon=316518
Lactobacillus intestinalis,151781,https://www.ncbi.nlm.nih.gov/data-hub/taxonomy/tree/?taxon=151781
Lactobacillus japonicus,29399,https://www.ncbi.nlm.nih.gov/data-hub/taxonomy/tree/?taxon=29399
Lactobacillus jensenii,109790,https://www.ncbi.nlm.nih.gov/data-hub/taxonomy/tree/?taxon=109790
Lactobacillus johnsonii,33959,https://www.ncbi.nlm.nih.gov/data-hub/taxonomy/tree/?taxon=33959
Lactobacillus kalixensis,227944,https://www.ncbi.nlm.nih.gov/data-hub/taxonomy/tree/?taxon=227944
Lactobacillus kefiranofaciens,267818,https://www.ncbi.nlm.nih.gov/data-hub/taxonomy/tree/?taxon=267818
Lactobacillus kimbladii,1218506,https://www.ncbi.nlm.nih.gov/data-hub/taxonomy/tree/?taxon=1218506
Lactobacillus kitasatonis,237446,https://www.ncbi.nlm.nih.gov/data-hub/taxonomy/tree/?taxon=237446
Lactobacillus kullabergensis,1218493,https://www.ncbi.nlm.nih.gov/data-hub/taxonomy/tree/?taxon=1218493
Lactobacillus laiwuensis,2841034,https://www.ncbi.nlm.nih.gov/data-hub/taxonomy/tree/?taxon=2841034
Lactobacillus larvae,303540,https://www.ncbi.nlm.nih.gov/data-hub/taxonomy/tree/?taxon=303540
Lactobacillus leichmannii,28039,https://www.ncbi.nlm.nih.gov/data-hub/taxonomy/tree/?taxon=28039
Lactobacillus letivazi,176293,https://www.ncbi.nlm.nih.gov/data-hub/taxonomy/tree/?taxon=176293
Lactobacillus melliventris,1218507,https://www.ncbi.nlm.nih.gov/data-hub/taxonomy/tree/?taxon=1218507
Lactobacillus mobilis,357762,https://www.ncbi.nlm.nih.gov/data-hub/taxonomy/tree/?taxon=357762
Lactobacillus mulieris,2508708,https://www.ncbi.nlm.nih.gov/data-hub/taxonomy/tree/?taxon=2508708
Lactobacillus nasalidis,2797258,https://www.ncbi.nlm.nih.gov/data-hub/taxonomy/tree/?taxon=2797258
Lactobacillus panisapium,2012495,https://www.ncbi.nlm.nih.gov/data-hub/taxonomy/tree/?taxon=2012495
Lactobacillus paragasseri,2107999,https://www.ncbi.nlm.nih.gov/data-hub/taxonomy/tree/?taxon=2107999
Lactobacillus pasteurii,872327,https://www.ncbi.nlm.nih.gov/data-hub/taxonomy/tree/?taxon=872327
Lactobacillus porci,2012477,https://www.ncbi.nlm.nih.gov/data-hub/taxonomy/tree/?taxon=2012477
Lactobacillus psittaci,116089,https://www.ncbi.nlm.nih.gov/data-hub/taxonomy/tree/?taxon=116089
Lactobacillus rennanquilfy,1500797,https://www.ncbi.nlm.nih.gov/data-hub/taxonomy/tree/?taxon=1500797
Lactobacillus rodentium,947835,https://www.ncbi.nlm.nih.gov/data-hub/taxonomy/tree/?taxon=947835
Lactobacillus rogosae,706562,https://www.ncbi.nlm.nih.gov/data-hub/taxonomy/tree/?taxon=706562
Lactobacillus selangorensis,81857,https://www.ncbi.nlm.nih.gov/data-hub/taxonomy/tree/?taxon=81857
Lactobacillus taiwanensis,508451,https://www.ncbi.nlm.nih.gov/data-hub/taxonomy/tree/?taxon=508451
Lactobacillus terrae,2269374,https://www.ncbi.nlm.nih.gov/data-hub/taxonomy/tree/?taxon=2269374
Lactobacillus ultunensis,227945,https://www.ncbi.nlm.nih.gov/data-hub/taxonomy/tree/?taxon=227945
Lactobacillus vermiforme,1628,https://www.ncbi.nlm.nih.gov/data-hub/taxonomy/tree/?taxon=1628
Lactobacillus xujianguonis,2495899,https://www.ncbi.nlm.nih.gov/data-hub/taxonomy/tree/?taxon=2495899
Lapidilactobacillus achengensis,2486000,https://www.ncbi.nlm.nih.gov/data-hub/taxonomy/tree/?taxon=2486000
Lapidilactobacillus bayanensis,2485998,https://www.ncbi.nlm.nih.gov/data-hub/taxonomy/tree/?taxon=2485998
Lapidilactobacillus concavus,287844,https://www.ncbi.nlm.nih.gov/data-hub/taxonomy/tree/?taxon=287844
Lapidilactobacillus dextrinicus,51664,https://www.ncbi.nlm.nih.gov/data-hub/taxonomy/tree/?taxon=51664
Lapidilactobacillus gannanensis,2486002,https://www.ncbi.nlm.nih.gov/data-hub/taxonomy/tree/?taxon=2486002
Lapidilactobacillus luobeiensis,2950371,https://www.ncbi.nlm.nih.gov/data-hub/taxonomy/tree/?taxon=2950371
Lapidilactobacillus mulanensis,2485999,https://www.ncbi.nlm.nih.gov/data-hub/taxonomy/tree/?taxon=2485999
Lapidilactobacillus wuchangensis,2486001,https://www.ncbi.nlm.nih.gov/data-hub/taxonomy/tree/?taxon=2486001
Latilactobacillus curvatus,28038,https://www.ncbi.nlm.nih.gov/data-hub/taxonomy/tree/?taxon=28038
Latilactobacillus fragifolii,2814244,https://www.ncbi.nlm.nih.gov/data-hub/taxonomy/tree/?taxon=2814244
Latilactobacillus fuchuensis,164393,https://www.ncbi.nlm.nih.gov/data-hub/taxonomy/tree/?taxon=164393
Latilactobacillus graminis,60519,https://www.ncbi.nlm.nih.gov/data-hub/taxonomy/tree/?taxon=60519
Latilactobacillus sakei,1599,https://www.ncbi.nlm.nih.gov/data-hub/taxonomy/tree/?taxon=1599
Lentilactobacillus buchneri,1581,https://www.ncbi.nlm.nih.gov/data-hub/taxonomy/tree/?taxon=1581
Lentilactobacillus curieae,1138822,https://www.ncbi.nlm.nih.gov/data-hub/taxonomy/tree/?taxon=1138822
Lentilactobacillus diolivorans,179838,https://www.ncbi.nlm.nih.gov/data-hub/taxonomy/tree/?taxon=179838
Lentilactobacillus farraginis,390841,https://www.ncbi.nlm.nih.gov/data-hub/taxonomy/tree/?taxon=390841
Lentilactobacillus fungorum,2201250,https://www.ncbi.nlm.nih.gov/data-hub/taxonomy/tree/?taxon=2201250
Lentilactobacillus hilgardii,1588,https://www.ncbi.nlm.nih.gov/data-hub/taxonomy/tree/?taxon=1588
Lentilactobacillus kefiri,33962,https://www.ncbi.nlm.nih.gov/data-hub/taxonomy/tree/?taxon=33962
Lentilactobacillus kisonensis,481722,https://www.ncbi.nlm.nih.gov/data-hub/taxonomy/tree/?taxon=481722
Lentilactobacillus kosonis,2810561,https://www.ncbi.nlm.nih.gov/data-hub/taxonomy/tree/?taxon=2810561
Lentilactobacillus kribbianus,2729622,https://www.ncbi.nlm.nih.gov/data-hub/taxonomy/tree/?taxon=2729622
Lentilactobacillus laojiaonis,2883998,https://www.ncbi.nlm.nih.gov/data-hub/taxonomy/tree/?taxon=2883998
Lentilactobacillus otakiensis,481720,https://www.ncbi.nlm.nih.gov/data-hub/taxonomy/tree/?taxon=481720
Lentilactobacillus parabuchneri,152331,https://www.ncbi.nlm.nih.gov/data-hub/taxonomy/tree/?taxon=152331
Lentilactobacillus parafarraginis,390842,https://www.ncbi.nlm.nih.gov/data-hub/taxonomy/tree/?taxon=390842
Lentilactobacillus parakefiri,152332,https://www.ncbi.nlm.nih.gov/data-hub/taxonomy/tree/?taxon=152332
Lentilactobacillus raoultii,1987503,https://www.ncbi.nlm.nih.gov/data-hub/taxonomy/tree/?taxon=1987503
Lentilactobacillus rapi,481723,https://www.ncbi.nlm.nih.gov/data-hub/taxonomy/tree/?taxon=481723
Lentilactobacillus senioris,931534,https://www.ncbi.nlm.nih.gov/data-hub/taxonomy/tree/?taxon=931534
Lentilactobacillus sunkii,481719,https://www.ncbi.nlm.nih.gov/data-hub/taxonomy/tree/?taxon=481719
Leuconostoc carnosum,1252,https://www.ncbi.nlm.nih.gov/data-hub/taxonomy/tree/?taxon=1252
Leuconostoc citreum,33964,https://www.ncbi.nlm.nih.gov/data-hub/taxonomy/tree/?taxon=33964
Leuconostoc falkenbergense,2766470,https://www.ncbi.nlm.nih.gov/data-hub/taxonomy/tree/?taxon=2766470
Leuconostoc fallax,1251,https://www.ncbi.nlm.nih.gov/data-hub/taxonomy/tree/?taxon=1251
Leuconostoc garlicum,255248,https://www.ncbi.nlm.nih.gov/data-hub/taxonomy/tree/?taxon=255248
Leuconostoc gasicomitatum,115778,https://www.ncbi.nlm.nih.gov/data-hub/taxonomy/tree/?taxon=115778
Leuconostoc gelidum,1244,https://www.ncbi.nlm.nih.gov/data-hub/taxonomy/tree/?taxon=1244
Leuconostoc holzapfelii,434464,https://www.ncbi.nlm.nih.gov/data-hub/taxonomy/tree/?taxon=434464
Leuconostoc inhae,178001,https://www.ncbi.nlm.nih.gov/data-hub/taxonomy/tree/?taxon=178001
Leuconostoc kimchii,136609,https://www.ncbi.nlm.nih.gov/data-hub/taxonomy/tree/?taxon=136609
Leuconostoc lactis,1246,https://www.ncbi.nlm.nih.gov/data-hub/taxonomy/tree/?taxon=1246
Leuconostoc litchii,1981069,https://www.ncbi.nlm.nih.gov/data-hub/taxonomy/tree/?taxon=1981069
Leuconostoc mesenteroides,1245,https://www.ncbi.nlm.nih.gov/data-hub/taxonomy/tree/?taxon=1245
Leuconostoc miyukkimchii,910540,https://www.ncbi.nlm.nih.gov/data-hub/taxonomy/tree/?taxon=910540
Leuconostoc palmae,501487,https://www.ncbi.nlm.nih.gov/data-hub/taxonomy/tree/?taxon=501487
Leuconostoc pseudomesenteroides,33968,https://www.ncbi.nlm.nih.gov/data-hub/taxonomy/tree/?taxon=33968
Leuconostoc rapi,1406906,https://www.ncbi.nlm.nih.gov/data-hub/taxonomy/tree/?taxon=1406906
Leuconostoc suionicum,1511761,https://www.ncbi.nlm.nih.gov/data-hub/taxonomy/tree/?taxon=1511761
Candidatus Levilactobacillus faecigallinarum,2838638,https://www.ncbi.nlm.nih.gov/data-hub/taxonomy/tree/?taxon=2838638
Levilactobacillus acidifarinae,267364,https://www.ncbi.nlm.nih.gov/data-hub/taxonomy/tree/?taxon=267364
Levilactobacillus andaensis,2799570,https://www.ncbi.nlm.nih.gov/data-hub/taxonomy/tree/?taxon=2799570
Levilactobacillus angrenensis,2486020,https://www.ncbi.nlm.nih.gov/data-hub/taxonomy/tree/?taxon=2486020
Levilactobacillus bambusae,2024736,https://www.ncbi.nlm.nih.gov/data-hub/taxonomy/tree/?taxon=2024736
Levilactobacillus brevis,1580,https://www.ncbi.nlm.nih.gov/data-hub/taxonomy/tree/?taxon=1580
Levilactobacillus cerevisiae,1704076,https://www.ncbi.nlm.nih.gov/data-hub/taxonomy/tree/?taxon=1704076
Levilactobacillus enshiensis,2590213,https://www.ncbi.nlm.nih.gov/data-hub/taxonomy/tree/?taxon=2590213
Levilactobacillus fujinensis,2486024,https://www.ncbi.nlm.nih.gov/data-hub/taxonomy/tree/?taxon=2486024
Levilactobacillus fuyuanensis,2486022,https://www.ncbi.nlm.nih.gov/data-hub/taxonomy/tree/?taxon=2486022
Levilactobacillus hammesii,267633,https://www.ncbi.nlm.nih.gov/data-hub/taxonomy/tree/?taxon=267633
Levilactobacillus huananensis,2486019,https://www.ncbi.nlm.nih.gov/data-hub/taxonomy/tree/?taxon=2486019
Levilactobacillus humaensis,2950375,https://www.ncbi.nlm.nih.gov/data-hub/taxonomy/tree/?taxon=2950375
Levilactobacillus koreensis,637971,https://www.ncbi.nlm.nih.gov/data-hub/taxonomy/tree/?taxon=637971
Levilactobacillus lanxiensis,2799568,https://www.ncbi.nlm.nih.gov/data-hub/taxonomy/tree/?taxon=2799568
Levilactobacillus lindianensis,2486018,https://www.ncbi.nlm.nih.gov/data-hub/taxonomy/tree/?taxon=2486018
Levilactobacillus mulengensis,2486025,https://www.ncbi.nlm.nih.gov/data-hub/taxonomy/tree/?taxon=2486025
Levilactobacillus namurensis,380393,https://www.ncbi.nlm.nih.gov/data-hub/taxonomy/tree/?taxon=380393
Levilactobacillus parabrevis,357278,https://www.ncbi.nlm.nih.gov/data-hub/taxonomy/tree/?taxon=357278
Levilactobacillus paucivorans,616990,https://www.ncbi.nlm.nih.gov/data-hub/taxonomy/tree/?taxon=616990
Levilactobacillus senmaizukei,431273,https://www.ncbi.nlm.nih.gov/data-hub/taxonomy/tree/?taxon=431273
Levilactobacillus spicheri,216463,https://www.ncbi.nlm.nih.gov/data-hub/taxonomy/tree/?taxon=216463
Levilactobacillus suantsaii,2292255,https://www.ncbi.nlm.nih.gov/data-hub/taxonomy/tree/?taxon=2292255
Levilactobacillus suantsaiihabitans,2487722,https://www.ncbi.nlm.nih.gov/data-hub/taxonomy/tree/?taxon=2487722
Levilactobacillus tangyuanensis,2486021,https://www.ncbi.nlm.nih.gov/data-hub/taxonomy/tree/?taxon=2486021
Levilactobacillus tongjiangensis,2486023,https://www.ncbi.nlm.nih.gov/data-hub/taxonomy/tree/?taxon=2486023
Levilactobacillus tujiorum,2912243,https://www.ncbi.nlm.nih.gov/data-hub/taxonomy/tree/?taxon=2912243
Levilactobacillus wangkuiensis,2799566,https://www.ncbi.nlm.nih.gov/data-hub/taxonomy/tree/?taxon=2799566
Levilactobacillus yonginensis,1054041,https://www.ncbi.nlm.nih.gov/data-hub/taxonomy/tree/?taxon=1054041
Levilactobacillus zymae,267363,https://www.ncbi.nlm.nih.gov/data-hub/taxonomy/tree/?taxon=267363
Candidatus Ligilactobacillus avistercoris,2838639,https://www.ncbi.nlm.nih.gov/data-hub/taxonomy/tree/?taxon=2838639
Candidatus Ligilactobacillus excrementavium,2838640,https://www.ncbi.nlm.nih.gov/data-hub/taxonomy/tree/?taxon=2838640
Candidatus Ligilactobacillus excrementigallinarum,2838641,https://www.ncbi.nlm.nih.gov/data-hub/taxonomy/tree/?taxon=2838641
Candidatus Ligilactobacillus excrementipullorum,2838642,https://www.ncbi.nlm.nih.gov/data-hub/taxonomy/tree/?taxon=2838642
Candidatus Ligilactobacillus faecavium,2838643,https://www.ncbi.nlm.nih.gov/data-hub/taxonomy/tree/?taxon=2838643
Ligilactobacillus acidipiscis,89059,https://www.ncbi.nlm.nih.gov/data-hub/taxonomy/tree/?taxon=89059
Ligilactobacillus agilis,1601,https://www.ncbi.nlm.nih.gov/data-hub/taxonomy/tree/?taxon=1601
Ligilactobacillus animalis,1605,https://www.ncbi.nlm.nih.gov/data-hub/taxonomy/tree/?taxon=1605
Ligilactobacillus apodemi,307126,https://www.ncbi.nlm.nih.gov/data-hub/taxonomy/tree/?taxon=307126
Ligilactobacillus araffinosus,147809,https://www.ncbi.nlm.nih.gov/data-hub/taxonomy/tree/?taxon=147809
Ligilactobacillus aviarius,1606,https://www.ncbi.nlm.nih.gov/data-hub/taxonomy/tree/?taxon=1606
Ligilactobacillus ceti,395085,https://www.ncbi.nlm.nih.gov/data-hub/taxonomy/tree/?taxon=395085
Ligilactobacillus equi,137357,https://www.ncbi.nlm.nih.gov/data-hub/taxonomy/tree/?taxon=137357
Ligilactobacillus faecis,762833,https://www.ncbi.nlm.nih.gov/data-hub/taxonomy/tree/?taxon=762833
Ligilactobacillus hayakitensis,396716,https://www.ncbi.nlm.nih.gov/data-hub/taxonomy/tree/?taxon=396716
Ligilactobacillus murinus,1622,https://www.ncbi.nlm.nih.gov/data-hub/taxonomy/tree/?taxon=1622
Ligilactobacillus pabuli,2886039,https://www.ncbi.nlm.nih.gov/data-hub/taxonomy/tree/?taxon=2886039
Ligilactobacillus pobuzihii,449659,https://www.ncbi.nlm.nih.gov/data-hub/taxonomy/tree/?taxon=449659
Ligilactobacillus ruminis,1623,https://www.ncbi.nlm.nih.gov/data-hub/taxonomy/tree/?taxon=1623
Ligilactobacillus saerimneri,228229,https://www.ncbi.nlm.nih.gov/data-hub/taxonomy/tree/?taxon=228229
Ligilactobacillus salitolerans,1808352,https://www.ncbi.nlm.nih.gov/data-hub/taxonomy/tree/?taxon=1808352
Ligilactobacillus salivarius,1624,https://www.ncbi.nlm.nih.gov/data-hub/taxonomy/tree/?taxon=1624
[Lactobacillus] timonensis,1970790,https://www.ncbi.nlm.nih.gov/data-hub/taxonomy/tree/?taxon=1970790
Candidatus Limosilactobacillus excrementigallinarum,2838645,https://www.ncbi.nlm.nih.gov/data-hub/taxonomy/tree/?taxon=2838645
Candidatus Limosilactobacillus faecipullorum,2838646,https://www.ncbi.nlm.nih.gov/data-hub/taxonomy/tree/?taxon=2838646
Candidatus Limosilactobacillus gallistercoris,2838647,https://www.ncbi.nlm.nih.gov/data-hub/taxonomy/tree/?taxon=2838647
Candidatus Limosilactobacillus intestinavium,2838648,https://www.ncbi.nlm.nih.gov/data-hub/taxonomy/tree/?taxon=2838648
Candidatus Limosilactobacillus intestinigallinarum,2838649,https://www.ncbi.nlm.nih.gov/data-hub/taxonomy/tree/?taxon=2838649
Candidatus Limosilactobacillus intestinipullorum,2838650,https://www.ncbi.nlm.nih.gov/data-hub/taxonomy/tree/?taxon=2838650
Candidatus Limosilactobacillus merdavium,2838651,https://www.ncbi.nlm.nih.gov/data-hub/taxonomy/tree/?taxon=2838651
Candidatus Limosilactobacillus merdigallinarum,2838652,https://www.ncbi.nlm.nih.gov/data-hub/taxonomy/tree/?taxon=2838652
Candidatus Limosilactobacillus merdipullorum,2838653,https://www.ncbi.nlm.nih.gov/data-hub/taxonomy/tree/?taxon=2838653
Limosilactobacillus agrestis,2759748,https://www.ncbi.nlm.nih.gov/data-hub/taxonomy/tree/?taxon=2759748
Limosilactobacillus albertensis,2759752,https://www.ncbi.nlm.nih.gov/data-hub/taxonomy/tree/?taxon=2759752
Limosilactobacillus alvi,990412,https://www.ncbi.nlm.nih.gov/data-hub/taxonomy/tree/?taxon=990412
Limosilactobacillus antri,227943,https://www.ncbi.nlm.nih.gov/data-hub/taxonomy/tree/?taxon=227943
Limosilactobacillus avistercoris,2762243,https://www.ncbi.nlm.nih.gov/data-hub/taxonomy/tree/?taxon=2762243
Limosilactobacillus balticus,2759747,https://www.ncbi.nlm.nih.gov/data-hub/taxonomy/tree/?taxon=2759747
Limosilactobacillus caecicola,2941332,https://www.ncbi.nlm.nih.gov/data-hub/taxonomy/tree/?taxon=2941332
Limosilactobacillus caviae,1769424,https://www.ncbi.nlm.nih.gov/data-hub/taxonomy/tree/?taxon=1769424
Limosilactobacillus coleohominis,181675,https://www.ncbi.nlm.nih.gov/data-hub/taxonomy/tree/?taxon=181675
Limosilactobacillus equigenerosi,417373,https://www.ncbi.nlm.nih.gov/data-hub/taxonomy/tree/?taxon=417373
Limosilactobacillus fastidiosus,2759855,https://www.ncbi.nlm.nih.gov/data-hub/taxonomy/tree/?taxon=2759855
Limosilactobacillus fermentum,1613,https://www.ncbi.nlm.nih.gov/data-hub/taxonomy/tree/?taxon=1613
Limosilactobacillus frumenti,104955,https://www.ncbi.nlm.nih.gov/data-hub/taxonomy/tree/?taxon=104955
Limosilactobacillus gastricus,227942,https://www.ncbi.nlm.nih.gov/data-hub/taxonomy/tree/?taxon=227942
Limosilactobacillus gorillae,1450649,https://www.ncbi.nlm.nih.gov/data-hub/taxonomy/tree/?taxon=1450649
Limosilactobacillus ingluviei,148604,https://www.ncbi.nlm.nih.gov/data-hub/taxonomy/tree/?taxon=148604
Limosilactobacillus mucosae,97478,https://www.ncbi.nlm.nih.gov/data-hub/taxonomy/tree/?taxon=97478
Limosilactobacillus oris,1632,https://www.ncbi.nlm.nih.gov/data-hub/taxonomy/tree/?taxon=1632
Limosilactobacillus panis,47493,https://www.ncbi.nlm.nih.gov/data-hub/taxonomy/tree/?taxon=47493
Limosilactobacillus pontis,35787,https://www.ncbi.nlm.nih.gov/data-hub/taxonomy/tree/?taxon=35787
Limosilactobacillus portuensis,2742601,https://www.ncbi.nlm.nih.gov/data-hub/taxonomy/tree/?taxon=2742601
Limosilactobacillus reuteri,1598,https://www.ncbi.nlm.nih.gov/data-hub/taxonomy/tree/?taxon=1598
Limosilactobacillus rudii,2759755,https://www.ncbi.nlm.nih.gov/data-hub/taxonomy/tree/?taxon=2759755
Limosilactobacillus secaliphilus,396268,https://www.ncbi.nlm.nih.gov/data-hub/taxonomy/tree/?taxon=396268
Limosilactobacillus urinaemulieris,2742600,https://www.ncbi.nlm.nih.gov/data-hub/taxonomy/tree/?taxon=2742600
Limosilactobacillus vaginalis,1633,https://www.ncbi.nlm.nih.gov/data-hub/taxonomy/tree/?taxon=1633
Liquorilactobacillus aquaticus,392566,https://www.ncbi.nlm.nih.gov/data-hub/taxonomy/tree/?taxon=392566
Liquorilactobacillus cacaonum,483012,https://www.ncbi.nlm.nih.gov/data-hub/taxonomy/tree/?taxon=483012
Liquorilactobacillus capillatus,480931,https://www.ncbi.nlm.nih.gov/data-hub/taxonomy/tree/?taxon=480931
Liquorilactobacillus ghanensis,399370,https://www.ncbi.nlm.nih.gov/data-hub/taxonomy/tree/?taxon=399370
Liquorilactobacillus hordei,468911,https://www.ncbi.nlm.nih.gov/data-hub/taxonomy/tree/?taxon=468911
Liquorilactobacillus mali,1618,https://www.ncbi.nlm.nih.gov/data-hub/taxonomy/tree/?taxon=1618
Liquorilactobacillus nagelii,82688,https://www.ncbi.nlm.nih.gov/data-hub/taxonomy/tree/?taxon=82688
Liquorilactobacillus oeni,303241,https://www.ncbi.nlm.nih.gov/data-hub/taxonomy/tree/?taxon=303241
Liquorilactobacillus satsumensis,259059,https://www.ncbi.nlm.nih.gov/data-hub/taxonomy/tree/?taxon=259059
Liquorilactobacillus sicerae,1416943,https://www.ncbi.nlm.nih.gov/data-hub/taxonomy/tree/?taxon=1416943
Liquorilactobacillus sucicola,519050,https://www.ncbi.nlm.nih.gov/data-hub/taxonomy/tree/?taxon=519050
Liquorilactobacillus uvarum,303240,https://www.ncbi.nlm.nih.gov/data-hub/taxonomy/tree/?taxon=303240
Liquorilactobacillus vini,238015,https://www.ncbi.nlm.nih.gov/data-hub/taxonomy/tree/?taxon=238015
Loigolactobacillus backii,375175,https://www.ncbi.nlm.nih.gov/data-hub/taxonomy/tree/?taxon=375175
Loigolactobacillus bifermentans,1607,https://www.ncbi.nlm.nih.gov/data-hub/taxonomy/tree/?taxon=1607
Loigolactobacillus binensis,2559922,https://www.ncbi.nlm.nih.gov/data-hub/taxonomy/tree/?taxon=2559922
Loigolactobacillus coryniformis,1610,https://www.ncbi.nlm.nih.gov/data-hub/taxonomy/tree/?taxon=1610
Loigolactobacillus iwatensis,1267156,https://www.ncbi.nlm.nih.gov/data-hub/taxonomy/tree/?taxon=1267156
Loigolactobacillus jiayinensis,2486016,https://www.ncbi.nlm.nih.gov/data-hub/taxonomy/tree/?taxon=2486016
Loigolactobacillus rennini,238013,https://www.ncbi.nlm.nih.gov/data-hub/taxonomy/tree/?taxon=238013
Loigolactobacillus zhaoyuanensis,2486017,https://www.ncbi.nlm.nih.gov/data-hub/taxonomy/tree/?taxon=2486017
Nicolia spurrieriana,2925830,https://www.ncbi.nlm.nih.gov/data-hub/taxonomy/tree/?taxon=2925830
Oenococcus alcoholitolerans,931074,https://www.ncbi.nlm.nih.gov/data-hub/taxonomy/tree/?taxon=931074
Oenococcus kitaharae,336988,https://www.ncbi.nlm.nih.gov/data-hub/taxonomy/tree/?taxon=336988
Oenococcus oeni,1247,https://www.ncbi.nlm.nih.gov/data-hub/taxonomy/tree/?taxon=1247
Oenococcus sicerae,2203724,https://www.ncbi.nlm.nih.gov/data-hub/taxonomy/tree/?taxon=2203724
Paucilactobacillus hokkaidonensis,1193095,https://www.ncbi.nlm.nih.gov/data-hub/taxonomy/tree/?taxon=1193095
Paucilactobacillus kaifaensis,2559921,https://www.ncbi.nlm.nih.gov/data-hub/taxonomy/tree/?taxon=2559921
Paucilactobacillus nenjiangensis,1296540,https://www.ncbi.nlm.nih.gov/data-hub/taxonomy/tree/?taxon=1296540
Paucilactobacillus oligofermentans,293371,https://www.ncbi.nlm.nih.gov/data-hub/taxonomy/tree/?taxon=293371
Paucilactobacillus suebicus,152335,https://www.ncbi.nlm.nih.gov/data-hub/taxonomy/tree/?taxon=152335
Paucilactobacillus vaccinostercus,176291,https://www.ncbi.nlm.nih.gov/data-hub/taxonomy/tree/?taxon=176291
Paucilactobacillus wasatchensis,1335616,https://www.ncbi.nlm.nih.gov/data-hub/taxonomy/tree/?taxon=1335616
Pediococcus acidilactici,1254,https://www.ncbi.nlm.nih.gov/data-hub/taxonomy/tree/?taxon=1254
Pediococcus argentinicus,480391,https://www.ncbi.nlm.nih.gov/data-hub/taxonomy/tree/?taxon=480391
Pediococcus cellicola,319652,https://www.ncbi.nlm.nih.gov/data-hub/taxonomy/tree/?taxon=319652
Pediococcus claussenii,187452,https://www.ncbi.nlm.nih.gov/data-hub/taxonomy/tree/?taxon=187452
Pediococcus damnosus,51663,https://www.ncbi.nlm.nih.gov/data-hub/taxonomy/tree/?taxon=51663
Pediococcus ethanolidurans,319653,https://www.ncbi.nlm.nih.gov/data-hub/taxonomy/tree/?taxon=319653
Pediococcus inopinatus,114090,https://www.ncbi.nlm.nih.gov/data-hub/taxonomy/tree/?taxon=114090
Pediococcus parvulus,54062,https://www.ncbi.nlm.nih.gov/data-hub/taxonomy/tree/?taxon=54062
Pediococcus pentosaceus,1255,https://www.ncbi.nlm.nih.gov/data-hub/taxonomy/tree/?taxon=1255
Pediococcus siamensis,381829,https://www.ncbi.nlm.nih.gov/data-hub/taxonomy/tree/?taxon=381829
Pediococcus stilesii,331679,https://www.ncbi.nlm.nih.gov/data-hub/taxonomy/tree/?taxon=331679
Periweissella beninensis,504936,https://www.ncbi.nlm.nih.gov/data-hub/taxonomy/tree/?taxon=504936
Periweissella cryptocerci,2506420,https://www.ncbi.nlm.nih.gov/data-hub/taxonomy/tree/?taxon=2506420
Periweissella fabalis,1070421,https://www.ncbi.nlm.nih.gov/data-hub/taxonomy/tree/?taxon=1070421
Periweissella fabaria,546157,https://www.ncbi.nlm.nih.gov/data-hub/taxonomy/tree/?taxon=546157
Periweissella ghanensis,467997,https://www.ncbi.nlm.nih.gov/data-hub/taxonomy/tree/?taxon=467997
Schleiferilactobacillus harbinensis,304207,https://www.ncbi.nlm.nih.gov/data-hub/taxonomy/tree/?taxon=304207
Schleiferilactobacillus perolens,100468,https://www.ncbi.nlm.nih.gov/data-hub/taxonomy/tree/?taxon=100468
Schleiferilactobacillus shenzhenensis,1231337,https://www.ncbi.nlm.nih.gov/data-hub/taxonomy/tree/?taxon=1231337
Secundilactobacillus angelensis,2722706,https://www.ncbi.nlm.nih.gov/data-hub/taxonomy/tree/?taxon=2722706
Secundilactobacillus collinoides,33960,https://www.ncbi.nlm.nih.gov/data-hub/taxonomy/tree/?taxon=33960
Secundilactobacillus folii,2678357,https://www.ncbi.nlm.nih.gov/data-hub/taxonomy/tree/?taxon=2678357
Secundilactobacillus hailunensis,2559923,https://www.ncbi.nlm.nih.gov/data-hub/taxonomy/tree/?taxon=2559923
Secundilactobacillus kimchicus,528209,https://www.ncbi.nlm.nih.gov/data-hub/taxonomy/tree/?taxon=528209
Secundilactobacillus malefermentans,176292,https://www.ncbi.nlm.nih.gov/data-hub/taxonomy/tree/?taxon=176292
Secundilactobacillus mixtipabuli,1435342,https://www.ncbi.nlm.nih.gov/data-hub/taxonomy/tree/?taxon=1435342
Secundilactobacillus odoratitofui,480930,https://www.ncbi.nlm.nih.gov/data-hub/taxonomy/tree/?taxon=480930
Secundilactobacillus oryzae,1202668,https://www.ncbi.nlm.nih.gov/data-hub/taxonomy/tree/?taxon=1202668
Secundilactobacillus paracollinoides,240427,https://www.ncbi.nlm.nih.gov/data-hub/taxonomy/tree/?taxon=240427
Secundilactobacillus pentosiphilus,1714682,https://www.ncbi.nlm.nih.gov/data-hub/taxonomy/tree/?taxon=1714682
Secundilactobacillus silagei,1293415,https://www.ncbi.nlm.nih.gov/data-hub/taxonomy/tree/?taxon=1293415
Secundilactobacillus silagincola,1714681,https://www.ncbi.nlm.nih.gov/data-hub/taxonomy/tree/?taxon=1714681
Secundilactobacillus similis,414682,https://www.ncbi.nlm.nih.gov/data-hub/taxonomy/tree/?taxon=414682
Secundilactobacillus yichangensis,2799580,https://www.ncbi.nlm.nih.gov/data-hub/taxonomy/tree/?taxon=2799580
Weissella bombi,1505725,https://www.ncbi.nlm.nih.gov/data-hub/taxonomy/tree/?taxon=1505725
Weissella ceti,759620,https://www.ncbi.nlm.nih.gov/data-hub/taxonomy/tree/?taxon=759620
Weissella cibaria,137591,https://www.ncbi.nlm.nih.gov/data-hub/taxonomy/tree/?taxon=137591
Weissella coleopterorum,2714949,https://www.ncbi.nlm.nih.gov/data-hub/taxonomy/tree/?taxon=2714949
Weissella confusa,1583,https://www.ncbi.nlm.nih.gov/data-hub/taxonomy/tree/?taxon=1583
Weissella diestrammenae,1162633,https://www.ncbi.nlm.nih.gov/data-hub/taxonomy/tree/?taxon=1162633
Weissella halotolerans,1615,https://www.ncbi.nlm.nih.gov/data-hub/taxonomy/tree/?taxon=1615
Weissella hanii,167774,https://www.ncbi.nlm.nih.gov/data-hub/taxonomy/tree/?taxon=167774
Weissella hellenica,46256,https://www.ncbi.nlm.nih.gov/data-hub/taxonomy/tree/?taxon=46256
Weissella jogaejeotgali,1631871,https://www.ncbi.nlm.nih.gov/data-hub/taxonomy/tree/?taxon=1631871
Weissella kandleri,1616,https://www.ncbi.nlm.nih.gov/data-hub/taxonomy/tree/?taxon=1616
Weissella koreensis,165096,https://www.ncbi.nlm.nih.gov/data-hub/taxonomy/tree/?taxon=165096
Weissella minor,1620,https://www.ncbi.nlm.nih.gov/data-hub/taxonomy/tree/?taxon=1620
Weissella muntiaci,2508881,https://www.ncbi.nlm.nih.gov/data-hub/taxonomy/tree/?taxon=2508881
Weissella oryzae,1129792,https://www.ncbi.nlm.nih.gov/data-hub/taxonomy/tree/?taxon=1129792
Weissella paramesenteroides,1249,https://www.ncbi.nlm.nih.gov/data-hub/taxonomy/tree/?taxon=1249
Weissella sagaensis,2559928,https://www.ncbi.nlm.nih.gov/data-hub/taxonomy/tree/?taxon=2559928
Weissella salipiscis,381421,https://www.ncbi.nlm.nih.gov/data-hub/taxonomy/tree/?taxon=381421
Weissella soli,155866,https://www.ncbi.nlm.nih.gov/data-hub/taxonomy/tree/?taxon=155866
Weissella thailandensis,89061,https://www.ncbi.nlm.nih.gov/data-hub/taxonomy/tree/?taxon=89061
Weissella tructae,887702,https://www.ncbi.nlm.nih.gov/data-hub/taxonomy/tree/?taxon=887702
Weissella uvarum,1479233,https://www.ncbi.nlm.nih.gov/data-hub/taxonomy/tree/?taxon=1479233
Weissella viridescens,1629,https://www.ncbi.nlm.nih.gov/data-hub/taxonomy/tree/?taxon=1629
